DROP  DATABASE IF EXISTS players_4 ;
CREATE DATABASE players_4;
USE players_4;

CREATE TABLE players (
  id INT(11) NOT NULL AUTO_INCREMENT,
  name TEXT,
  nickname TEXT,
  drink TEXT,
  salary DECIMAL(9,2),
  PRIMARY KEY (id)
);

INSERT INTO players (id, name, nickname, drink, salary) VALUES 
                    (1, "Matthew Gifford", 'm_giff', "Moxie", 89000.00);
INSERT INTO players (id, name, nickname, drink, salary) VALUES 
                    (2, "Matthew Bouley", 'Iron Helix', "Moxie", 75000.00);
INSERT INTO players (id, name, nickname, drink, salary) VALUES 
                    (3, "Luke Bouley", 'Cable Boy', "Moxie", 75000.50);
INSERT INTO players (id, name, nickname, drink, salary) VALUES 
                    (4, "Andrew Thomas", 'ste-ty-xav', 'Fresca', 75000.50);
INSERT INTO players (id, name, nickname, drink, salary) VALUES 
                    (5, "John Dwyer", 'dwy_dwy', 'Fresca', 89000.00);
INSERT INTO players (id, name, nickname, drink, salary) VALUES 
                    (6, "Ryan Peacan", 'the_dominator', 'Fresca', 75000.50);
INSERT INTO players (id, name, nickname, drink, salary) VALUES 
                    (7, "Michael Southwick", 'Shaun Wiki',  'Fresca', 75000.50);

CREATE TABLE games (
  id INT(11) NOT NULL AUTO_INCREMENT,
  name TEXT,
  PRIMARY KEY (id)
);

INSERT INTO games (id, name) VALUES (1, 'Bubble Recyler');
INSERT INTO games (id, name) VALUES (2, 'Computer Repair King');
INSERT INTO games (id, name) VALUES (3, 'Super Dunkball II: The Return');
INSERT INTO games (id, name) VALUES (4, 'Sudden Decelleration: No Time to Think');
INSERT INTO games (id, name) VALUES (5, 'Tech Website Baron'); 

CREATE TABLE plays (
  id INT(11) NOT NULL, 
  player_id INT(11) NOT NULL,
  game_id INT(11) NOT NULL,
  won TINYINT NOT NULL,
  PRIMARY KEY (id)
);

CREATE TABLE events(
	play_id INT(11) NOT NULL,
    event VARCHAR(25) NOT NULL,
    time INT(11) NOT NULL
);
INSERT INTO plays (id, player_id, game_id, won) VALUES (0, 5, 5, 1);
INSERT INTO plays (id, player_id, game_id, won) VALUES (1, 5, 5, 1);
INSERT INTO plays (id, player_id, game_id, won) VALUES (2, 5, 5, 0);
INSERT INTO plays (id, player_id, game_id, won) VALUES (3, 5, 5, 1);
INSERT INTO plays (id, player_id, game_id, won) VALUES (4, 5, 5, 1);
INSERT INTO plays (id, player_id, game_id, won) VALUES (5, 5, 5, 0);
INSERT INTO plays (id, player_id, game_id, won) VALUES (6, 5, 5, 0);
INSERT INTO plays (id, player_id, game_id, won) VALUES (7, 5, 5, 0);
INSERT INTO plays (id, player_id, game_id, won) VALUES (8, 5, 5, 0);
INSERT INTO plays (id, player_id, game_id, won) VALUES (9, 5, 5, 1);
INSERT INTO plays (id, player_id, game_id, won) VALUES (10, 5, 5, 0);
INSERT INTO plays (id, player_id, game_id, won) VALUES (11, 5, 5, 0);
INSERT INTO plays (id, player_id, game_id, won) VALUES (12, 5, 5, 1);
INSERT INTO plays (id, player_id, game_id, won) VALUES (13, 5, 5, 0);
INSERT INTO plays (id, player_id, game_id, won) VALUES (14, 5, 5, 1);
INSERT INTO plays (id, player_id, game_id, won) VALUES (15, 5, 5, 1);
INSERT INTO plays (id, player_id, game_id, won) VALUES (16, 5, 5, 1);
INSERT INTO plays (id, player_id, game_id, won) VALUES (17, 5, 5, 1);
INSERT INTO plays (id, player_id, game_id, won) VALUES (18, 5, 5, 0);
INSERT INTO plays (id, player_id, game_id, won) VALUES (19, 5, 5, 0);
INSERT INTO plays (id, player_id, game_id, won) VALUES (20, 5, 5, 0);
INSERT INTO plays (id, player_id, game_id, won) VALUES (21, 5, 5, 1);
INSERT INTO plays (id, player_id, game_id, won) VALUES (22, 5, 5, 0);
INSERT INTO plays (id, player_id, game_id, won) VALUES (23, 5, 5, 1);
INSERT INTO plays (id, player_id, game_id, won) VALUES (24, 5, 5, 1);
INSERT INTO plays (id, player_id, game_id, won) VALUES (25, 5, 5, 0);
INSERT INTO plays (id, player_id, game_id, won) VALUES (26, 5, 5, 1);
INSERT INTO plays (id, player_id, game_id, won) VALUES (27, 5, 5, 0);
INSERT INTO plays (id, player_id, game_id, won) VALUES (28, 5, 5, 1);
INSERT INTO plays (id, player_id, game_id, won) VALUES (29, 5, 5, 1);
INSERT INTO plays (id, player_id, game_id, won) VALUES (30, 6, 5, 0);
INSERT INTO plays (id, player_id, game_id, won) VALUES (31, 6, 5, 1);
INSERT INTO plays (id, player_id, game_id, won) VALUES (32, 6, 5, 1);
INSERT INTO plays (id, player_id, game_id, won) VALUES (33, 6, 5, 0);
INSERT INTO plays (id, player_id, game_id, won) VALUES (34, 6, 5, 0);
INSERT INTO plays (id, player_id, game_id, won) VALUES (35, 6, 5, 0);
INSERT INTO plays (id, player_id, game_id, won) VALUES (36, 6, 5, 0);
INSERT INTO plays (id, player_id, game_id, won) VALUES (37, 6, 5, 0);
INSERT INTO plays (id, player_id, game_id, won) VALUES (38, 6, 5, 0);
INSERT INTO plays (id, player_id, game_id, won) VALUES (39, 6, 5, 1);
INSERT INTO plays (id, player_id, game_id, won) VALUES (40, 6, 5, 1);
INSERT INTO plays (id, player_id, game_id, won) VALUES (41, 6, 5, 1);
INSERT INTO plays (id, player_id, game_id, won) VALUES (42, 6, 5, 0);
INSERT INTO plays (id, player_id, game_id, won) VALUES (43, 6, 5, 0);
INSERT INTO plays (id, player_id, game_id, won) VALUES (44, 6, 5, 0);
INSERT INTO plays (id, player_id, game_id, won) VALUES (45, 6, 5, 0);
INSERT INTO plays (id, player_id, game_id, won) VALUES (46, 6, 5, 0);
INSERT INTO plays (id, player_id, game_id, won) VALUES (47, 6, 5, 1);
INSERT INTO plays (id, player_id, game_id, won) VALUES (48, 6, 5, 0);
INSERT INTO plays (id, player_id, game_id, won) VALUES (49, 6, 5, 1);
INSERT INTO plays (id, player_id, game_id, won) VALUES (50, 6, 5, 0);
INSERT INTO plays (id, player_id, game_id, won) VALUES (51, 6, 5, 0);
INSERT INTO plays (id, player_id, game_id, won) VALUES (52, 6, 5, 0);
INSERT INTO plays (id, player_id, game_id, won) VALUES (53, 6, 5, 0);
INSERT INTO plays (id, player_id, game_id, won) VALUES (54, 6, 5, 0);
INSERT INTO plays (id, player_id, game_id, won) VALUES (55, 6, 5, 0);
INSERT INTO plays (id, player_id, game_id, won) VALUES (56, 6, 5, 0);
INSERT INTO plays (id, player_id, game_id, won) VALUES (57, 6, 5, 0);
INSERT INTO plays (id, player_id, game_id, won) VALUES (58, 6, 5, 0);
INSERT INTO plays (id, player_id, game_id, won) VALUES (59, 6, 5, 0);
INSERT INTO plays (id, player_id, game_id, won) VALUES (60, 1, 5, 0);
INSERT INTO plays (id, player_id, game_id, won) VALUES (61, 1, 5, 0);
INSERT INTO plays (id, player_id, game_id, won) VALUES (62, 1, 5, 1);
INSERT INTO plays (id, player_id, game_id, won) VALUES (63, 1, 5, 1);
INSERT INTO plays (id, player_id, game_id, won) VALUES (64, 1, 5, 1);
INSERT INTO plays (id, player_id, game_id, won) VALUES (65, 1, 5, 0);
INSERT INTO plays (id, player_id, game_id, won) VALUES (66, 1, 5, 1);
INSERT INTO plays (id, player_id, game_id, won) VALUES (67, 1, 5, 1);
INSERT INTO plays (id, player_id, game_id, won) VALUES (68, 1, 5, 0);
INSERT INTO plays (id, player_id, game_id, won) VALUES (69, 1, 5, 0);
INSERT INTO plays (id, player_id, game_id, won) VALUES (70, 1, 5, 1);
INSERT INTO plays (id, player_id, game_id, won) VALUES (71, 1, 5, 1);
INSERT INTO plays (id, player_id, game_id, won) VALUES (72, 1, 5, 1);
INSERT INTO plays (id, player_id, game_id, won) VALUES (73, 1, 5, 1);
INSERT INTO plays (id, player_id, game_id, won) VALUES (74, 1, 5, 0);
INSERT INTO plays (id, player_id, game_id, won) VALUES (75, 1, 5, 0);
INSERT INTO plays (id, player_id, game_id, won) VALUES (76, 1, 5, 1);
INSERT INTO plays (id, player_id, game_id, won) VALUES (77, 1, 5, 1);
INSERT INTO plays (id, player_id, game_id, won) VALUES (78, 1, 5, 1);
INSERT INTO plays (id, player_id, game_id, won) VALUES (79, 1, 5, 0);
INSERT INTO plays (id, player_id, game_id, won) VALUES (80, 1, 5, 0);
INSERT INTO plays (id, player_id, game_id, won) VALUES (81, 1, 5, 0);
INSERT INTO plays (id, player_id, game_id, won) VALUES (82, 1, 5, 0);
INSERT INTO plays (id, player_id, game_id, won) VALUES (83, 1, 5, 0);
INSERT INTO plays (id, player_id, game_id, won) VALUES (84, 1, 5, 1);
INSERT INTO plays (id, player_id, game_id, won) VALUES (85, 1, 5, 0);
INSERT INTO plays (id, player_id, game_id, won) VALUES (86, 1, 5, 0);
INSERT INTO plays (id, player_id, game_id, won) VALUES (87, 1, 5, 1);
INSERT INTO plays (id, player_id, game_id, won) VALUES (88, 1, 5, 1);
INSERT INTO plays (id, player_id, game_id, won) VALUES (89, 1, 5, 0);
INSERT INTO plays (id, player_id, game_id, won) VALUES (90, 7, 5, 1);
INSERT INTO plays (id, player_id, game_id, won) VALUES (91, 7, 5, 1);
INSERT INTO plays (id, player_id, game_id, won) VALUES (92, 7, 5, 1);
INSERT INTO plays (id, player_id, game_id, won) VALUES (93, 7, 5, 1);
INSERT INTO plays (id, player_id, game_id, won) VALUES (94, 7, 5, 1);
INSERT INTO plays (id, player_id, game_id, won) VALUES (95, 7, 5, 1);
INSERT INTO plays (id, player_id, game_id, won) VALUES (96, 7, 5, 1);
INSERT INTO plays (id, player_id, game_id, won) VALUES (97, 7, 5, 1);
INSERT INTO plays (id, player_id, game_id, won) VALUES (98, 7, 5, 1);
INSERT INTO plays (id, player_id, game_id, won) VALUES (99, 7, 5, 1);
INSERT INTO plays (id, player_id, game_id, won) VALUES (100, 7, 5, 1);
INSERT INTO plays (id, player_id, game_id, won) VALUES (101, 7, 5, 1);
INSERT INTO plays (id, player_id, game_id, won) VALUES (102, 7, 5, 1);
INSERT INTO plays (id, player_id, game_id, won) VALUES (103, 7, 5, 1);
INSERT INTO plays (id, player_id, game_id, won) VALUES (104, 7, 5, 1);
INSERT INTO plays (id, player_id, game_id, won) VALUES (105, 7, 5, 1);
INSERT INTO plays (id, player_id, game_id, won) VALUES (106, 7, 5, 1);
INSERT INTO plays (id, player_id, game_id, won) VALUES (107, 7, 5, 1);
INSERT INTO plays (id, player_id, game_id, won) VALUES (108, 7, 5, 1);
INSERT INTO plays (id, player_id, game_id, won) VALUES (109, 7, 5, 1);
INSERT INTO plays (id, player_id, game_id, won) VALUES (110, 7, 5, 1);
INSERT INTO plays (id, player_id, game_id, won) VALUES (111, 7, 5, 1);
INSERT INTO plays (id, player_id, game_id, won) VALUES (112, 7, 5, 1);
INSERT INTO plays (id, player_id, game_id, won) VALUES (113, 7, 5, 1);
INSERT INTO plays (id, player_id, game_id, won) VALUES (114, 7, 5, 1);
INSERT INTO plays (id, player_id, game_id, won) VALUES (115, 7, 5, 1);
INSERT INTO plays (id, player_id, game_id, won) VALUES (116, 7, 5, 1);
INSERT INTO plays (id, player_id, game_id, won) VALUES (117, 7, 5, 1);
INSERT INTO plays (id, player_id, game_id, won) VALUES (118, 7, 5, 1);
INSERT INTO plays (id, player_id, game_id, won) VALUES (119, 7, 5, 1);
INSERT INTO plays (id, player_id, game_id, won) VALUES (120, 2, 5, 1);
INSERT INTO plays (id, player_id, game_id, won) VALUES (121, 2, 5, 1);
INSERT INTO plays (id, player_id, game_id, won) VALUES (122, 2, 5, 1);
INSERT INTO plays (id, player_id, game_id, won) VALUES (123, 2, 5, 1);
INSERT INTO plays (id, player_id, game_id, won) VALUES (124, 2, 5, 1);
INSERT INTO plays (id, player_id, game_id, won) VALUES (125, 2, 5, 1);
INSERT INTO plays (id, player_id, game_id, won) VALUES (126, 2, 5, 0);
INSERT INTO plays (id, player_id, game_id, won) VALUES (127, 2, 5, 0);
INSERT INTO plays (id, player_id, game_id, won) VALUES (128, 2, 5, 1);
INSERT INTO plays (id, player_id, game_id, won) VALUES (129, 2, 5, 1);
INSERT INTO plays (id, player_id, game_id, won) VALUES (130, 2, 5, 0);
INSERT INTO plays (id, player_id, game_id, won) VALUES (131, 2, 5, 1);
INSERT INTO plays (id, player_id, game_id, won) VALUES (132, 2, 5, 1);
INSERT INTO plays (id, player_id, game_id, won) VALUES (133, 2, 5, 0);
INSERT INTO plays (id, player_id, game_id, won) VALUES (134, 2, 5, 1);
INSERT INTO plays (id, player_id, game_id, won) VALUES (135, 2, 5, 1);
INSERT INTO plays (id, player_id, game_id, won) VALUES (136, 2, 5, 1);
INSERT INTO plays (id, player_id, game_id, won) VALUES (137, 2, 5, 0);
INSERT INTO plays (id, player_id, game_id, won) VALUES (138, 2, 5, 1);
INSERT INTO plays (id, player_id, game_id, won) VALUES (139, 2, 5, 1);
INSERT INTO plays (id, player_id, game_id, won) VALUES (140, 2, 5, 0);
INSERT INTO plays (id, player_id, game_id, won) VALUES (141, 2, 5, 1);
INSERT INTO plays (id, player_id, game_id, won) VALUES (142, 2, 5, 0);
INSERT INTO plays (id, player_id, game_id, won) VALUES (143, 2, 5, 1);
INSERT INTO plays (id, player_id, game_id, won) VALUES (144, 2, 5, 0);
INSERT INTO plays (id, player_id, game_id, won) VALUES (145, 2, 5, 1);
INSERT INTO plays (id, player_id, game_id, won) VALUES (146, 2, 5, 0);
INSERT INTO plays (id, player_id, game_id, won) VALUES (147, 2, 5, 1);
INSERT INTO plays (id, player_id, game_id, won) VALUES (148, 2, 5, 1);
INSERT INTO plays (id, player_id, game_id, won) VALUES (149, 2, 5, 1);
INSERT INTO plays (id, player_id, game_id, won) VALUES (150, 3, 5, 1);
INSERT INTO plays (id, player_id, game_id, won) VALUES (151, 3, 5, 1);
INSERT INTO plays (id, player_id, game_id, won) VALUES (152, 3, 5, 1);
INSERT INTO plays (id, player_id, game_id, won) VALUES (153, 3, 5, 1);
INSERT INTO plays (id, player_id, game_id, won) VALUES (154, 3, 5, 1);
INSERT INTO plays (id, player_id, game_id, won) VALUES (155, 3, 5, 1);
INSERT INTO plays (id, player_id, game_id, won) VALUES (156, 3, 5, 0);
INSERT INTO plays (id, player_id, game_id, won) VALUES (157, 3, 5, 1);
INSERT INTO plays (id, player_id, game_id, won) VALUES (158, 3, 5, 0);
INSERT INTO plays (id, player_id, game_id, won) VALUES (159, 3, 5, 1);
INSERT INTO plays (id, player_id, game_id, won) VALUES (160, 3, 5, 0);
INSERT INTO plays (id, player_id, game_id, won) VALUES (161, 3, 5, 0);
INSERT INTO plays (id, player_id, game_id, won) VALUES (162, 3, 5, 0);
INSERT INTO plays (id, player_id, game_id, won) VALUES (163, 3, 5, 0);
INSERT INTO plays (id, player_id, game_id, won) VALUES (164, 3, 5, 1);
INSERT INTO plays (id, player_id, game_id, won) VALUES (165, 3, 5, 0);
INSERT INTO plays (id, player_id, game_id, won) VALUES (166, 3, 5, 0);
INSERT INTO plays (id, player_id, game_id, won) VALUES (167, 3, 5, 0);
INSERT INTO plays (id, player_id, game_id, won) VALUES (168, 3, 5, 0);
INSERT INTO plays (id, player_id, game_id, won) VALUES (169, 3, 5, 0);
INSERT INTO plays (id, player_id, game_id, won) VALUES (170, 3, 5, 0);
INSERT INTO plays (id, player_id, game_id, won) VALUES (171, 3, 5, 0);
INSERT INTO plays (id, player_id, game_id, won) VALUES (172, 3, 5, 0);
INSERT INTO plays (id, player_id, game_id, won) VALUES (173, 3, 5, 1);
INSERT INTO plays (id, player_id, game_id, won) VALUES (174, 3, 5, 0);
INSERT INTO plays (id, player_id, game_id, won) VALUES (175, 3, 5, 0);
INSERT INTO plays (id, player_id, game_id, won) VALUES (176, 3, 5, 0);
INSERT INTO plays (id, player_id, game_id, won) VALUES (177, 3, 5, 1);
INSERT INTO plays (id, player_id, game_id, won) VALUES (178, 3, 5, 1);
INSERT INTO plays (id, player_id, game_id, won) VALUES (179, 3, 5, 0);
INSERT INTO plays (id, player_id, game_id, won) VALUES (180, 4, 5, 1);
INSERT INTO plays (id, player_id, game_id, won) VALUES (181, 4, 5, 0);
INSERT INTO plays (id, player_id, game_id, won) VALUES (182, 4, 5, 1);
INSERT INTO plays (id, player_id, game_id, won) VALUES (183, 4, 5, 1);
INSERT INTO plays (id, player_id, game_id, won) VALUES (184, 4, 5, 0);
INSERT INTO plays (id, player_id, game_id, won) VALUES (185, 4, 5, 1);
INSERT INTO plays (id, player_id, game_id, won) VALUES (186, 4, 5, 0);
INSERT INTO plays (id, player_id, game_id, won) VALUES (187, 4, 5, 1);
INSERT INTO plays (id, player_id, game_id, won) VALUES (188, 4, 5, 1);
INSERT INTO plays (id, player_id, game_id, won) VALUES (189, 4, 5, 1);
INSERT INTO plays (id, player_id, game_id, won) VALUES (190, 4, 5, 1);
INSERT INTO plays (id, player_id, game_id, won) VALUES (191, 4, 5, 0);
INSERT INTO plays (id, player_id, game_id, won) VALUES (192, 4, 5, 1);
INSERT INTO plays (id, player_id, game_id, won) VALUES (193, 4, 5, 1);
INSERT INTO plays (id, player_id, game_id, won) VALUES (194, 4, 5, 1);
INSERT INTO plays (id, player_id, game_id, won) VALUES (195, 4, 5, 1);
INSERT INTO plays (id, player_id, game_id, won) VALUES (196, 4, 5, 0);
INSERT INTO plays (id, player_id, game_id, won) VALUES (197, 4, 5, 0);
INSERT INTO plays (id, player_id, game_id, won) VALUES (198, 4, 5, 0);
INSERT INTO plays (id, player_id, game_id, won) VALUES (199, 4, 5, 0);
INSERT INTO plays (id, player_id, game_id, won) VALUES (200, 4, 5, 1);
INSERT INTO plays (id, player_id, game_id, won) VALUES (201, 4, 5, 0);
INSERT INTO plays (id, player_id, game_id, won) VALUES (202, 4, 5, 1);
INSERT INTO plays (id, player_id, game_id, won) VALUES (203, 4, 5, 0);
INSERT INTO plays (id, player_id, game_id, won) VALUES (204, 4, 5, 1);
INSERT INTO plays (id, player_id, game_id, won) VALUES (205, 4, 5, 0);
INSERT INTO plays (id, player_id, game_id, won) VALUES (206, 4, 5, 1);
INSERT INTO plays (id, player_id, game_id, won) VALUES (207, 4, 5, 0);
INSERT INTO plays (id, player_id, game_id, won) VALUES (208, 4, 5, 1);
INSERT INTO plays (id, player_id, game_id, won) VALUES (209, 4, 5, 1);
INSERT INTO events (play_id, event, time) VALUES(0, 'Built DC', 2146.8);
INSERT INTO events (play_id, event, time) VALUES(0, 'Built MC', 27867);
INSERT INTO events (play_id, event, time) VALUES(0, 'Built PR', 65349);
INSERT INTO events (play_id, event, time) VALUES(0, 'Went Public', 86104);
INSERT INTO events (play_id, event, time) VALUES(1, 'Built DC', 8466.0);
INSERT INTO events (play_id, event, time) VALUES(1, 'Built MC', 29454);
INSERT INTO events (play_id, event, time) VALUES(1, 'Built PR', 57896);
INSERT INTO events (play_id, event, time) VALUES(1, 'Went Public', 79587);
INSERT INTO events (play_id, event, time) VALUES(2, 'Built DC', 31455.6);
INSERT INTO events (play_id, event, time) VALUES(2, 'Built MC', 96938);
INSERT INTO events (play_id, event, time) VALUES(2, 'Built PR', 79327);
INSERT INTO events (play_id, event, time) VALUES(2, 'Went Public', 87553);
INSERT INTO events (play_id, event, time) VALUES(3, 'Built DC', 5669.2);
INSERT INTO events (play_id, event, time) VALUES(3, 'Built MC', 25671);
INSERT INTO events (play_id, event, time) VALUES(3, 'Built PR', 44772);
INSERT INTO events (play_id, event, time) VALUES(3, 'Went Public', 82628);
INSERT INTO events (play_id, event, time) VALUES(4, 'Built DC', 1440.4);
INSERT INTO events (play_id, event, time) VALUES(4, 'Built MC', 38580);
INSERT INTO events (play_id, event, time) VALUES(4, 'Built PR', 66312);
INSERT INTO events (play_id, event, time) VALUES(4, 'Went Public', 69400);
INSERT INTO events (play_id, event, time) VALUES(5, 'Built DC', 32402.8);
INSERT INTO events (play_id, event, time) VALUES(5, 'Built MC', 37495);
INSERT INTO events (play_id, event, time) VALUES(5, 'Built PR', 90677);
INSERT INTO events (play_id, event, time) VALUES(5, 'Went Public', 141434);
INSERT INTO events (play_id, event, time) VALUES(6, 'Built DC', 24743.6);
INSERT INTO events (play_id, event, time) VALUES(6, 'Built MC', 58155);
INSERT INTO events (play_id, event, time) VALUES(6, 'Built PR', 99943);
INSERT INTO events (play_id, event, time) VALUES(6, 'Went Public', 66096);
INSERT INTO events (play_id, event, time) VALUES(7, 'Built DC', 38835.6);
INSERT INTO events (play_id, event, time) VALUES(7, 'Built MC', 83724);
INSERT INTO events (play_id, event, time) VALUES(7, 'Built PR', 107976);
INSERT INTO events (play_id, event, time) VALUES(7, 'Went Public', 125064);
INSERT INTO events (play_id, event, time) VALUES(8, 'Built DC', 968.0);
INSERT INTO events (play_id, event, time) VALUES(8, 'Built MC', 22170);
INSERT INTO events (play_id, event, time) VALUES(8, 'Built PR', 59426);
INSERT INTO events (play_id, event, time) VALUES(8, 'Went Public', 142630);
INSERT INTO events (play_id, event, time) VALUES(9, 'Built DC', 5861.2);
INSERT INTO events (play_id, event, time) VALUES(9, 'Built MC', 30005);
INSERT INTO events (play_id, event, time) VALUES(9, 'Built PR', 45446);
INSERT INTO events (play_id, event, time) VALUES(9, 'Went Public', 81025);
INSERT INTO events (play_id, event, time) VALUES(10, 'Built DC', 7048.8);
INSERT INTO events (play_id, event, time) VALUES(10, 'Built MC', 89084);
INSERT INTO events (play_id, event, time) VALUES(10, 'Built PR', 64509);
INSERT INTO events (play_id, event, time) VALUES(10, 'Went Public', 85324);
INSERT INTO events (play_id, event, time) VALUES(11, 'Built DC', 37806.8);
INSERT INTO events (play_id, event, time) VALUES(11, 'Built MC', 106697);
INSERT INTO events (play_id, event, time) VALUES(11, 'Built PR', 83550);
INSERT INTO events (play_id, event, time) VALUES(11, 'Went Public', 97563);
INSERT INTO events (play_id, event, time) VALUES(12, 'Built DC', 1550.4);
INSERT INTO events (play_id, event, time) VALUES(12, 'Built MC', 27168);
INSERT INTO events (play_id, event, time) VALUES(12, 'Built PR', 61250);
INSERT INTO events (play_id, event, time) VALUES(12, 'Went Public', 85076);
INSERT INTO events (play_id, event, time) VALUES(13, 'Built DC', 2481.2);
INSERT INTO events (play_id, event, time) VALUES(13, 'Built MC', 94543);
INSERT INTO events (play_id, event, time) VALUES(13, 'Built PR', 49802);
INSERT INTO events (play_id, event, time) VALUES(13, 'Went Public', 106684);
INSERT INTO events (play_id, event, time) VALUES(14, 'Built DC', 2038.8);
INSERT INTO events (play_id, event, time) VALUES(14, 'Built MC', 26844);
INSERT INTO events (play_id, event, time) VALUES(14, 'Built PR', 43428);
INSERT INTO events (play_id, event, time) VALUES(14, 'Went Public', 85771);
INSERT INTO events (play_id, event, time) VALUES(15, 'Built DC', 7345.6);
INSERT INTO events (play_id, event, time) VALUES(15, 'Built MC', 24577);
INSERT INTO events (play_id, event, time) VALUES(15, 'Built PR', 62961);
INSERT INTO events (play_id, event, time) VALUES(15, 'Went Public', 64357);
INSERT INTO events (play_id, event, time) VALUES(16, 'Built DC', 4024.8);
INSERT INTO events (play_id, event, time) VALUES(16, 'Built MC', 24661);
INSERT INTO events (play_id, event, time) VALUES(16, 'Built PR', 42181);
INSERT INTO events (play_id, event, time) VALUES(16, 'Went Public', 66694);
INSERT INTO events (play_id, event, time) VALUES(17, 'Built DC', 4955.2);
INSERT INTO events (play_id, event, time) VALUES(17, 'Built MC', 29848);
INSERT INTO events (play_id, event, time) VALUES(17, 'Built PR', 47524);
INSERT INTO events (play_id, event, time) VALUES(17, 'Went Public', 77887);
INSERT INTO events (play_id, event, time) VALUES(18, 'Built DC', 8159.2);
INSERT INTO events (play_id, event, time) VALUES(18, 'Built MC', 41884);
INSERT INTO events (play_id, event, time) VALUES(18, 'Built PR', 54007);
INSERT INTO events (play_id, event, time) VALUES(18, 'Went Public', 96951);
INSERT INTO events (play_id, event, time) VALUES(19, 'Built DC', 17785.6);
INSERT INTO events (play_id, event, time) VALUES(19, 'Built MC', 106847);
INSERT INTO events (play_id, event, time) VALUES(19, 'Built PR', 90728);
INSERT INTO events (play_id, event, time) VALUES(19, 'Went Public', 102050);
INSERT INTO events (play_id, event, time) VALUES(20, 'Built DC', 12394.0);
INSERT INTO events (play_id, event, time) VALUES(20, 'Built MC', 68508);
INSERT INTO events (play_id, event, time) VALUES(20, 'Built PR', 61822);
INSERT INTO events (play_id, event, time) VALUES(20, 'Went Public', 130488);
INSERT INTO events (play_id, event, time) VALUES(21, 'Built DC', 1036.4);
INSERT INTO events (play_id, event, time) VALUES(21, 'Built MC', 44605);
INSERT INTO events (play_id, event, time) VALUES(21, 'Built PR', 59335);
INSERT INTO events (play_id, event, time) VALUES(21, 'Went Public', 76953);
INSERT INTO events (play_id, event, time) VALUES(22, 'Built DC', 2539.6);
INSERT INTO events (play_id, event, time) VALUES(22, 'Built MC', 78815);
INSERT INTO events (play_id, event, time) VALUES(22, 'Built PR', 134878);
INSERT INTO events (play_id, event, time) VALUES(22, 'Went Public', 135020);
INSERT INTO events (play_id, event, time) VALUES(23, 'Built DC', 2953.6);
INSERT INTO events (play_id, event, time) VALUES(23, 'Built MC', 38900);
INSERT INTO events (play_id, event, time) VALUES(23, 'Built PR', 54599);
INSERT INTO events (play_id, event, time) VALUES(23, 'Went Public', 74198);
INSERT INTO events (play_id, event, time) VALUES(24, 'Built DC', 2663.6);
INSERT INTO events (play_id, event, time) VALUES(24, 'Built MC', 45711);
INSERT INTO events (play_id, event, time) VALUES(24, 'Built PR', 59737);
INSERT INTO events (play_id, event, time) VALUES(24, 'Went Public', 67951);
INSERT INTO events (play_id, event, time) VALUES(25, 'Built DC', 6249.2);
INSERT INTO events (play_id, event, time) VALUES(25, 'Built MC', 115578);
INSERT INTO events (play_id, event, time) VALUES(25, 'Built PR', 124943);
INSERT INTO events (play_id, event, time) VALUES(25, 'Went Public', 69048);
INSERT INTO events (play_id, event, time) VALUES(26, 'Built DC', 3108.4);
INSERT INTO events (play_id, event, time) VALUES(26, 'Built MC', 35267);
INSERT INTO events (play_id, event, time) VALUES(26, 'Built PR', 47192);
INSERT INTO events (play_id, event, time) VALUES(26, 'Went Public', 65206);
INSERT INTO events (play_id, event, time) VALUES(27, 'Built DC', 38999.2);
INSERT INTO events (play_id, event, time) VALUES(27, 'Built MC', 52179);
INSERT INTO events (play_id, event, time) VALUES(27, 'Built PR', 54867);
INSERT INTO events (play_id, event, time) VALUES(27, 'Went Public', 160966);
INSERT INTO events (play_id, event, time) VALUES(28, 'Built DC', 1380.4);
INSERT INTO events (play_id, event, time) VALUES(28, 'Built MC', 36868);
INSERT INTO events (play_id, event, time) VALUES(28, 'Built PR', 56133);
INSERT INTO events (play_id, event, time) VALUES(28, 'Went Public', 70664);
INSERT INTO events (play_id, event, time) VALUES(29, 'Built DC', 2692.4);
INSERT INTO events (play_id, event, time) VALUES(29, 'Built MC', 43706);
INSERT INTO events (play_id, event, time) VALUES(29, 'Built PR', 55413);
INSERT INTO events (play_id, event, time) VALUES(29, 'Went Public', 83349);
INSERT INTO events (play_id, event, time) VALUES(30, 'Built DC', 15220.8);
INSERT INTO events (play_id, event, time) VALUES(30, 'Built MC', 11524.0);
INSERT INTO events (play_id, event, time) VALUES(30, 'Built PR', 56665.6);
INSERT INTO events (play_id, event, time) VALUES(30, 'Went Public', 97162);
INSERT INTO events (play_id, event, time) VALUES(31, 'Built DC', 2816.4);
INSERT INTO events (play_id, event, time) VALUES(31, 'Built MC', 17399.6);
INSERT INTO events (play_id, event, time) VALUES(31, 'Built PR', 17115.2);
INSERT INTO events (play_id, event, time) VALUES(31, 'Went Public', 85598);
INSERT INTO events (play_id, event, time) VALUES(32, 'Built DC', 3849.2);
INSERT INTO events (play_id, event, time) VALUES(32, 'Built MC', 9326.0);
INSERT INTO events (play_id, event, time) VALUES(32, 'Built PR', 23521.2);
INSERT INTO events (play_id, event, time) VALUES(32, 'Went Public', 65966);
INSERT INTO events (play_id, event, time) VALUES(33, 'Built DC', 39632.4);
INSERT INTO events (play_id, event, time) VALUES(33, 'Built MC', 29296.0);
INSERT INTO events (play_id, event, time) VALUES(33, 'Built PR', 54522.0);
INSERT INTO events (play_id, event, time) VALUES(33, 'Went Public', 135081);
INSERT INTO events (play_id, event, time) VALUES(34, 'Built DC', 1884.0);
INSERT INTO events (play_id, event, time) VALUES(34, 'Built MC', 15436.0);
INSERT INTO events (play_id, event, time) VALUES(34, 'Built PR', 37742.4);
INSERT INTO events (play_id, event, time) VALUES(34, 'Went Public', 100319);
INSERT INTO events (play_id, event, time) VALUES(35, 'Built DC', 33180.8);
INSERT INTO events (play_id, event, time) VALUES(35, 'Built MC', 9159.6);
INSERT INTO events (play_id, event, time) VALUES(35, 'Built PR', 29998.0);
INSERT INTO events (play_id, event, time) VALUES(35, 'Went Public', 108797);
INSERT INTO events (play_id, event, time) VALUES(36, 'Built DC', 5013.6);
INSERT INTO events (play_id, event, time) VALUES(36, 'Built MC', 19146.4);
INSERT INTO events (play_id, event, time) VALUES(36, 'Built PR', 45293.2);
INSERT INTO events (play_id, event, time) VALUES(36, 'Went Public', 142222);
INSERT INTO events (play_id, event, time) VALUES(37, 'Built DC', 28080.4);
INSERT INTO events (play_id, event, time) VALUES(37, 'Built MC', 26508.4);
INSERT INTO events (play_id, event, time) VALUES(37, 'Built PR', 36561.2);
INSERT INTO events (play_id, event, time) VALUES(37, 'Went Public', 117535);
INSERT INTO events (play_id, event, time) VALUES(38, 'Built DC', 3885.6);
INSERT INTO events (play_id, event, time) VALUES(38, 'Built MC', 20775.6);
INSERT INTO events (play_id, event, time) VALUES(38, 'Built PR', 55325.2);
INSERT INTO events (play_id, event, time) VALUES(38, 'Went Public', 111093);
INSERT INTO events (play_id, event, time) VALUES(39, 'Built DC', 5760.4);
INSERT INTO events (play_id, event, time) VALUES(39, 'Built MC', 16857.6);
INSERT INTO events (play_id, event, time) VALUES(39, 'Built PR', 18213.6);
INSERT INTO events (play_id, event, time) VALUES(39, 'Went Public', 62133);
INSERT INTO events (play_id, event, time) VALUES(40, 'Built DC', 4610.4);
INSERT INTO events (play_id, event, time) VALUES(40, 'Built MC', 10519.2);
INSERT INTO events (play_id, event, time) VALUES(40, 'Built PR', 22803.2);
INSERT INTO events (play_id, event, time) VALUES(40, 'Went Public', 64223);
INSERT INTO events (play_id, event, time) VALUES(41, 'Built DC', 957.2);
INSERT INTO events (play_id, event, time) VALUES(41, 'Built MC', 11480.0);
INSERT INTO events (play_id, event, time) VALUES(41, 'Built PR', 21735.6);
INSERT INTO events (play_id, event, time) VALUES(41, 'Went Public', 65380);
INSERT INTO events (play_id, event, time) VALUES(42, 'Built DC', 7994.8);
INSERT INTO events (play_id, event, time) VALUES(42, 'Built MC', 48151.2);
INSERT INTO events (play_id, event, time) VALUES(42, 'Built PR', 47062.4);
INSERT INTO events (play_id, event, time) VALUES(42, 'Went Public', 148896);
INSERT INTO events (play_id, event, time) VALUES(43, 'Built DC', 29326.4);
INSERT INTO events (play_id, event, time) VALUES(43, 'Built MC', 17270.8);
INSERT INTO events (play_id, event, time) VALUES(43, 'Built PR', 51284.4);
INSERT INTO events (play_id, event, time) VALUES(43, 'Went Public', 146902);
INSERT INTO events (play_id, event, time) VALUES(44, 'Built DC', 19954.0);
INSERT INTO events (play_id, event, time) VALUES(44, 'Built MC', 13168.4);
INSERT INTO events (play_id, event, time) VALUES(44, 'Built PR', 29486.0);
INSERT INTO events (play_id, event, time) VALUES(44, 'Went Public', 62017);
INSERT INTO events (play_id, event, time) VALUES(45, 'Built DC', 20244.4);
INSERT INTO events (play_id, event, time) VALUES(45, 'Built MC', 22419.6);
INSERT INTO events (play_id, event, time) VALUES(45, 'Built PR', 28740.4);
INSERT INTO events (play_id, event, time) VALUES(45, 'Went Public', 104711);
INSERT INTO events (play_id, event, time) VALUES(46, 'Built DC', 25838.0);
INSERT INTO events (play_id, event, time) VALUES(46, 'Built MC', 32878.0);
INSERT INTO events (play_id, event, time) VALUES(46, 'Built PR', 33094.4);
INSERT INTO events (play_id, event, time) VALUES(46, 'Went Public', 74720);
INSERT INTO events (play_id, event, time) VALUES(47, 'Built DC', 6766.0);
INSERT INTO events (play_id, event, time) VALUES(47, 'Built MC', 16708.8);
INSERT INTO events (play_id, event, time) VALUES(47, 'Built PR', 23171.6);
INSERT INTO events (play_id, event, time) VALUES(47, 'Went Public', 77073);
INSERT INTO events (play_id, event, time) VALUES(48, 'Built DC', 21477.6);
INSERT INTO events (play_id, event, time) VALUES(48, 'Built MC', 32794.4);
INSERT INTO events (play_id, event, time) VALUES(48, 'Built PR', 35913.2);
INSERT INTO events (play_id, event, time) VALUES(48, 'Went Public', 97605);
INSERT INTO events (play_id, event, time) VALUES(49, 'Built DC', 7390.4);
INSERT INTO events (play_id, event, time) VALUES(49, 'Built MC', 10839.6);
INSERT INTO events (play_id, event, time) VALUES(49, 'Built PR', 23021.2);
INSERT INTO events (play_id, event, time) VALUES(49, 'Went Public', 78349);
INSERT INTO events (play_id, event, time) VALUES(50, 'Built DC', 9042.8);
INSERT INTO events (play_id, event, time) VALUES(50, 'Built MC', 32389.6);
INSERT INTO events (play_id, event, time) VALUES(50, 'Built PR', 42315.6);
INSERT INTO events (play_id, event, time) VALUES(50, 'Went Public', 67901);
INSERT INTO events (play_id, event, time) VALUES(51, 'Built DC', 6906.8);
INSERT INTO events (play_id, event, time) VALUES(51, 'Built MC', 22019.2);
INSERT INTO events (play_id, event, time) VALUES(51, 'Built PR', 53580.8);
INSERT INTO events (play_id, event, time) VALUES(51, 'Went Public', 147875);
INSERT INTO events (play_id, event, time) VALUES(52, 'Built DC', 17654.4);
INSERT INTO events (play_id, event, time) VALUES(52, 'Built MC', 34783.6);
INSERT INTO events (play_id, event, time) VALUES(52, 'Built PR', 51785.2);
INSERT INTO events (play_id, event, time) VALUES(52, 'Went Public', 63954);
INSERT INTO events (play_id, event, time) VALUES(53, 'Built DC', 15141.6);
INSERT INTO events (play_id, event, time) VALUES(53, 'Built MC', 27023.2);
INSERT INTO events (play_id, event, time) VALUES(53, 'Built PR', 20016.4);
INSERT INTO events (play_id, event, time) VALUES(53, 'Went Public', 71830);
INSERT INTO events (play_id, event, time) VALUES(54, 'Built DC', 22556.8);
INSERT INTO events (play_id, event, time) VALUES(54, 'Built MC', 26761.6);
INSERT INTO events (play_id, event, time) VALUES(54, 'Built PR', 28890.4);
INSERT INTO events (play_id, event, time) VALUES(54, 'Went Public', 132494);
INSERT INTO events (play_id, event, time) VALUES(55, 'Built DC', 25278.8);
INSERT INTO events (play_id, event, time) VALUES(55, 'Built MC', 39284.0);
INSERT INTO events (play_id, event, time) VALUES(55, 'Built PR', 46138.8);
INSERT INTO events (play_id, event, time) VALUES(55, 'Went Public', 144206);
INSERT INTO events (play_id, event, time) VALUES(56, 'Built DC', 11247.2);
INSERT INTO events (play_id, event, time) VALUES(56, 'Built MC', 40448.8);
INSERT INTO events (play_id, event, time) VALUES(56, 'Built PR', 25425.6);
INSERT INTO events (play_id, event, time) VALUES(56, 'Went Public', 141686);
INSERT INTO events (play_id, event, time) VALUES(57, 'Built DC', 33532.4);
INSERT INTO events (play_id, event, time) VALUES(57, 'Built MC', 31089.2);
INSERT INTO events (play_id, event, time) VALUES(57, 'Built PR', 16877.2);
INSERT INTO events (play_id, event, time) VALUES(57, 'Went Public', 146055);
INSERT INTO events (play_id, event, time) VALUES(58, 'Built DC', 28366.0);
INSERT INTO events (play_id, event, time) VALUES(58, 'Built MC', 36763.6);
INSERT INTO events (play_id, event, time) VALUES(58, 'Built PR', 48380.8);
INSERT INTO events (play_id, event, time) VALUES(58, 'Went Public', 70965);
INSERT INTO events (play_id, event, time) VALUES(59, 'Built DC', 39331.2);
INSERT INTO events (play_id, event, time) VALUES(59, 'Built MC', 27465.6);
INSERT INTO events (play_id, event, time) VALUES(59, 'Built PR', 51862.0);
INSERT INTO events (play_id, event, time) VALUES(59, 'Went Public', 68892);
INSERT INTO events (play_id, event, time) VALUES(60, 'Built DC', 1201.2);
INSERT INTO events (play_id, event, time) VALUES(60, 'Built MC', 111499);
INSERT INTO events (play_id, event, time) VALUES(60, 'Built PR', 87273);
INSERT INTO events (play_id, event, time) VALUES(60, 'Went Public', 100750);
INSERT INTO events (play_id, event, time) VALUES(61, 'Built DC', 7649.6);
INSERT INTO events (play_id, event, time) VALUES(61, 'Built MC', 78130);
INSERT INTO events (play_id, event, time) VALUES(61, 'Built PR', 80178);
INSERT INTO events (play_id, event, time) VALUES(61, 'Went Public', 70715);
INSERT INTO events (play_id, event, time) VALUES(62, 'Built DC', 5104.0);
INSERT INTO events (play_id, event, time) VALUES(62, 'Built MC', 43043);
INSERT INTO events (play_id, event, time) VALUES(62, 'Built PR', 57220);
INSERT INTO events (play_id, event, time) VALUES(62, 'Went Public', 69040);
INSERT INTO events (play_id, event, time) VALUES(63, 'Built DC', 968.0);
INSERT INTO events (play_id, event, time) VALUES(63, 'Built MC', 38636);
INSERT INTO events (play_id, event, time) VALUES(63, 'Built PR', 55709);
INSERT INTO events (play_id, event, time) VALUES(63, 'Went Public', 69565);
INSERT INTO events (play_id, event, time) VALUES(64, 'Built DC', 6669.2);
INSERT INTO events (play_id, event, time) VALUES(64, 'Built MC', 42619);
INSERT INTO events (play_id, event, time) VALUES(64, 'Built PR', 55467);
INSERT INTO events (play_id, event, time) VALUES(64, 'Went Public', 63081);
INSERT INTO events (play_id, event, time) VALUES(65, 'Built DC', 15643.6);
INSERT INTO events (play_id, event, time) VALUES(65, 'Built MC', 110678);
INSERT INTO events (play_id, event, time) VALUES(65, 'Built PR', 64691);
INSERT INTO events (play_id, event, time) VALUES(65, 'Went Public', 92678);
INSERT INTO events (play_id, event, time) VALUES(66, 'Built DC', 9824.4);
INSERT INTO events (play_id, event, time) VALUES(66, 'Built MC', 22725);
INSERT INTO events (play_id, event, time) VALUES(66, 'Built PR', 63769);
INSERT INTO events (play_id, event, time) VALUES(66, 'Went Public', 82252);
INSERT INTO events (play_id, event, time) VALUES(67, 'Built DC', 10184.8);
INSERT INTO events (play_id, event, time) VALUES(67, 'Built MC', 28863);
INSERT INTO events (play_id, event, time) VALUES(67, 'Built PR', 57959);
INSERT INTO events (play_id, event, time) VALUES(67, 'Went Public', 86479);
INSERT INTO events (play_id, event, time) VALUES(68, 'Built DC', 14583.6);
INSERT INTO events (play_id, event, time) VALUES(68, 'Built MC', 29153);
INSERT INTO events (play_id, event, time) VALUES(68, 'Built PR', 71868);
INSERT INTO events (play_id, event, time) VALUES(68, 'Went Public', 110186);
INSERT INTO events (play_id, event, time) VALUES(69, 'Built DC', 2194.8);
INSERT INTO events (play_id, event, time) VALUES(69, 'Built MC', 38933);
INSERT INTO events (play_id, event, time) VALUES(69, 'Built PR', 117175);
INSERT INTO events (play_id, event, time) VALUES(69, 'Went Public', 66897);
INSERT INTO events (play_id, event, time) VALUES(70, 'Built DC', 10729.2);
INSERT INTO events (play_id, event, time) VALUES(70, 'Built MC', 34343);
INSERT INTO events (play_id, event, time) VALUES(70, 'Built PR', 49430);
INSERT INTO events (play_id, event, time) VALUES(70, 'Went Public', 80975);
INSERT INTO events (play_id, event, time) VALUES(71, 'Built DC', 825.2);
INSERT INTO events (play_id, event, time) VALUES(71, 'Built MC', 36724);
INSERT INTO events (play_id, event, time) VALUES(71, 'Built PR', 66773);
INSERT INTO events (play_id, event, time) VALUES(71, 'Went Public', 68196);
INSERT INTO events (play_id, event, time) VALUES(72, 'Built DC', 8266.0);
INSERT INTO events (play_id, event, time) VALUES(72, 'Built MC', 22265);
INSERT INTO events (play_id, event, time) VALUES(72, 'Built PR', 57058);
INSERT INTO events (play_id, event, time) VALUES(72, 'Went Public', 64816);
INSERT INTO events (play_id, event, time) VALUES(73, 'Built DC', 1406.4);
INSERT INTO events (play_id, event, time) VALUES(73, 'Built MC', 25007);
INSERT INTO events (play_id, event, time) VALUES(73, 'Built PR', 59303);
INSERT INTO events (play_id, event, time) VALUES(73, 'Went Public', 70741);
INSERT INTO events (play_id, event, time) VALUES(74, 'Built DC', 8088.4);
INSERT INTO events (play_id, event, time) VALUES(74, 'Built MC', 58323);
INSERT INTO events (play_id, event, time) VALUES(74, 'Built PR', 127743);
INSERT INTO events (play_id, event, time) VALUES(74, 'Went Public', 67904);
INSERT INTO events (play_id, event, time) VALUES(75, 'Built DC', 28218.4);
INSERT INTO events (play_id, event, time) VALUES(75, 'Built MC', 55825);
INSERT INTO events (play_id, event, time) VALUES(75, 'Built PR', 133454);
INSERT INTO events (play_id, event, time) VALUES(75, 'Went Public', 104527);
INSERT INTO events (play_id, event, time) VALUES(76, 'Built DC', 2409.2);
INSERT INTO events (play_id, event, time) VALUES(76, 'Built MC', 41599);
INSERT INTO events (play_id, event, time) VALUES(76, 'Built PR', 49222);
INSERT INTO events (play_id, event, time) VALUES(76, 'Went Public', 74839);
INSERT INTO events (play_id, event, time) VALUES(77, 'Built DC', 9960.8);
INSERT INTO events (play_id, event, time) VALUES(77, 'Built MC', 27509);
INSERT INTO events (play_id, event, time) VALUES(77, 'Built PR', 46465);
INSERT INTO events (play_id, event, time) VALUES(77, 'Went Public', 84512);
INSERT INTO events (play_id, event, time) VALUES(78, 'Built DC', 1738.0);
INSERT INTO events (play_id, event, time) VALUES(78, 'Built MC', 37636);
INSERT INTO events (play_id, event, time) VALUES(78, 'Built PR', 60235);
INSERT INTO events (play_id, event, time) VALUES(78, 'Went Public', 86552);
INSERT INTO events (play_id, event, time) VALUES(79, 'Built DC', 19761.6);
INSERT INTO events (play_id, event, time) VALUES(79, 'Built MC', 65100);
INSERT INTO events (play_id, event, time) VALUES(79, 'Built PR', 46301);
INSERT INTO events (play_id, event, time) VALUES(79, 'Went Public', 76048);
INSERT INTO events (play_id, event, time) VALUES(80, 'Built DC', 9342.0);
INSERT INTO events (play_id, event, time) VALUES(80, 'Built MC', 41514);
INSERT INTO events (play_id, event, time) VALUES(80, 'Built PR', 133596);
INSERT INTO events (play_id, event, time) VALUES(80, 'Went Public', 96187);
INSERT INTO events (play_id, event, time) VALUES(81, 'Built DC', 30966.4);
INSERT INTO events (play_id, event, time) VALUES(81, 'Built MC', 102646);
INSERT INTO events (play_id, event, time) VALUES(81, 'Built PR', 71841);
INSERT INTO events (play_id, event, time) VALUES(81, 'Went Public', 85363);
INSERT INTO events (play_id, event, time) VALUES(82, 'Built DC', 11917.2);
INSERT INTO events (play_id, event, time) VALUES(82, 'Built MC', 90931);
INSERT INTO events (play_id, event, time) VALUES(82, 'Built PR', 63351);
INSERT INTO events (play_id, event, time) VALUES(82, 'Went Public', 156036);
INSERT INTO events (play_id, event, time) VALUES(83, 'Built DC', 26460.4);
INSERT INTO events (play_id, event, time) VALUES(83, 'Built MC', 99728);
INSERT INTO events (play_id, event, time) VALUES(83, 'Built PR', 51756);
INSERT INTO events (play_id, event, time) VALUES(83, 'Went Public', 66051);
INSERT INTO events (play_id, event, time) VALUES(84, 'Built DC', 2106.8);
INSERT INTO events (play_id, event, time) VALUES(84, 'Built MC', 44219);
INSERT INTO events (play_id, event, time) VALUES(84, 'Built PR', 50381);
INSERT INTO events (play_id, event, time) VALUES(84, 'Went Public', 73081);
INSERT INTO events (play_id, event, time) VALUES(85, 'Built DC', 27396.8);
INSERT INTO events (play_id, event, time) VALUES(85, 'Built MC', 120303);
INSERT INTO events (play_id, event, time) VALUES(85, 'Built PR', 119463);
INSERT INTO events (play_id, event, time) VALUES(85, 'Went Public', 122204);
INSERT INTO events (play_id, event, time) VALUES(86, 'Built DC', 6550.0);
INSERT INTO events (play_id, event, time) VALUES(86, 'Built MC', 31683);
INSERT INTO events (play_id, event, time) VALUES(86, 'Built PR', 84796);
INSERT INTO events (play_id, event, time) VALUES(86, 'Went Public', 71100);
INSERT INTO events (play_id, event, time) VALUES(87, 'Built DC', 4629.2);
INSERT INTO events (play_id, event, time) VALUES(87, 'Built MC', 37170);
INSERT INTO events (play_id, event, time) VALUES(87, 'Built PR', 60168);
INSERT INTO events (play_id, event, time) VALUES(87, 'Went Public', 78887);
INSERT INTO events (play_id, event, time) VALUES(88, 'Built DC', 4015.2);
INSERT INTO events (play_id, event, time) VALUES(88, 'Built MC', 27448);
INSERT INTO events (play_id, event, time) VALUES(88, 'Built PR', 43840);
INSERT INTO events (play_id, event, time) VALUES(88, 'Went Public', 83738);
INSERT INTO events (play_id, event, time) VALUES(89, 'Built DC', 31258.0);
INSERT INTO events (play_id, event, time) VALUES(89, 'Built MC', 111471);
INSERT INTO events (play_id, event, time) VALUES(89, 'Built PR', 115997);
INSERT INTO events (play_id, event, time) VALUES(89, 'Went Public', 94484);
INSERT INTO events (play_id, event, time) VALUES(90, 'Built DC', 10496.4);
INSERT INTO events (play_id, event, time) VALUES(90, 'Built MC', 31924);
INSERT INTO events (play_id, event, time) VALUES(90, 'Built PR', 49105);
INSERT INTO events (play_id, event, time) VALUES(90, 'Went Public', 86581);
INSERT INTO events (play_id, event, time) VALUES(91, 'Built DC', 10520.8);
INSERT INTO events (play_id, event, time) VALUES(91, 'Built MC', 26221);
INSERT INTO events (play_id, event, time) VALUES(91, 'Built PR', 64191);
INSERT INTO events (play_id, event, time) VALUES(91, 'Went Public', 68520);
INSERT INTO events (play_id, event, time) VALUES(92, 'Built DC', 7352.0);
INSERT INTO events (play_id, event, time) VALUES(92, 'Built MC', 32560);
INSERT INTO events (play_id, event, time) VALUES(92, 'Built PR', 60424);
INSERT INTO events (play_id, event, time) VALUES(92, 'Went Public', 67834);
INSERT INTO events (play_id, event, time) VALUES(93, 'Built DC', 1288.8);
INSERT INTO events (play_id, event, time) VALUES(93, 'Built MC', 22114);
INSERT INTO events (play_id, event, time) VALUES(93, 'Built PR', 59371);
INSERT INTO events (play_id, event, time) VALUES(93, 'Went Public', 78564);
INSERT INTO events (play_id, event, time) VALUES(94, 'Built DC', 4929.2);
INSERT INTO events (play_id, event, time) VALUES(94, 'Built MC', 34179);
INSERT INTO events (play_id, event, time) VALUES(94, 'Built PR', 65953);
INSERT INTO events (play_id, event, time) VALUES(94, 'Went Public', 66983);
INSERT INTO events (play_id, event, time) VALUES(95, 'Built DC', 9437.6);
INSERT INTO events (play_id, event, time) VALUES(95, 'Built MC', 40839);
INSERT INTO events (play_id, event, time) VALUES(95, 'Built PR', 60439);
INSERT INTO events (play_id, event, time) VALUES(95, 'Went Public', 74658);
INSERT INTO events (play_id, event, time) VALUES(96, 'Built DC', 6691.6);
INSERT INTO events (play_id, event, time) VALUES(96, 'Built MC', 36848);
INSERT INTO events (play_id, event, time) VALUES(96, 'Built PR', 57997);
INSERT INTO events (play_id, event, time) VALUES(96, 'Went Public', 84833);
INSERT INTO events (play_id, event, time) VALUES(97, 'Built DC', 2205.2);
INSERT INTO events (play_id, event, time) VALUES(97, 'Built MC', 41877);
INSERT INTO events (play_id, event, time) VALUES(97, 'Built PR', 47359);
INSERT INTO events (play_id, event, time) VALUES(97, 'Went Public', 73026);
INSERT INTO events (play_id, event, time) VALUES(98, 'Built DC', 5466.8);
INSERT INTO events (play_id, event, time) VALUES(98, 'Built MC', 27846);
INSERT INTO events (play_id, event, time) VALUES(98, 'Built PR', 44501);
INSERT INTO events (play_id, event, time) VALUES(98, 'Went Public', 78258);
INSERT INTO events (play_id, event, time) VALUES(99, 'Built DC', 6742.0);
INSERT INTO events (play_id, event, time) VALUES(99, 'Built MC', 35877);
INSERT INTO events (play_id, event, time) VALUES(99, 'Built PR', 52645);
INSERT INTO events (play_id, event, time) VALUES(99, 'Went Public', 85235);
INSERT INTO events (play_id, event, time) VALUES(100, 'Built DC', 10368.4);
INSERT INTO events (play_id, event, time) VALUES(100, 'Built MC', 38082);
INSERT INTO events (play_id, event, time) VALUES(100, 'Built PR', 45241);
INSERT INTO events (play_id, event, time) VALUES(100, 'Went Public', 71877);
INSERT INTO events (play_id, event, time) VALUES(101, 'Built DC', 2134.8);
INSERT INTO events (play_id, event, time) VALUES(101, 'Built MC', 38104);
INSERT INTO events (play_id, event, time) VALUES(101, 'Built PR', 58176);
INSERT INTO events (play_id, event, time) VALUES(101, 'Went Public', 73821);
INSERT INTO events (play_id, event, time) VALUES(102, 'Built DC', 6843.6);
INSERT INTO events (play_id, event, time) VALUES(102, 'Built MC', 32394);
INSERT INTO events (play_id, event, time) VALUES(102, 'Built PR', 45605);
INSERT INTO events (play_id, event, time) VALUES(102, 'Went Public', 77002);
INSERT INTO events (play_id, event, time) VALUES(103, 'Built DC', 2360.0);
INSERT INTO events (play_id, event, time) VALUES(103, 'Built MC', 43316);
INSERT INTO events (play_id, event, time) VALUES(103, 'Built PR', 46949);
INSERT INTO events (play_id, event, time) VALUES(103, 'Went Public', 85516);
INSERT INTO events (play_id, event, time) VALUES(104, 'Built DC', 6193.2);
INSERT INTO events (play_id, event, time) VALUES(104, 'Built MC', 32668);
INSERT INTO events (play_id, event, time) VALUES(104, 'Built PR', 44857);
INSERT INTO events (play_id, event, time) VALUES(104, 'Went Public', 74164);
INSERT INTO events (play_id, event, time) VALUES(105, 'Built DC', 2660.4);
INSERT INTO events (play_id, event, time) VALUES(105, 'Built MC', 40253);
INSERT INTO events (play_id, event, time) VALUES(105, 'Built PR', 43334);
INSERT INTO events (play_id, event, time) VALUES(105, 'Went Public', 83223);
INSERT INTO events (play_id, event, time) VALUES(106, 'Built DC', 5560.8);
INSERT INTO events (play_id, event, time) VALUES(106, 'Built MC', 39976);
INSERT INTO events (play_id, event, time) VALUES(106, 'Built PR', 55146);
INSERT INTO events (play_id, event, time) VALUES(106, 'Went Public', 75036);
INSERT INTO events (play_id, event, time) VALUES(107, 'Built DC', 5472.4);
INSERT INTO events (play_id, event, time) VALUES(107, 'Built MC', 31743);
INSERT INTO events (play_id, event, time) VALUES(107, 'Built PR', 52053);
INSERT INTO events (play_id, event, time) VALUES(107, 'Went Public', 73166);
INSERT INTO events (play_id, event, time) VALUES(108, 'Built DC', 2604.4);
INSERT INTO events (play_id, event, time) VALUES(108, 'Built MC', 23825);
INSERT INTO events (play_id, event, time) VALUES(108, 'Built PR', 64571);
INSERT INTO events (play_id, event, time) VALUES(108, 'Went Public', 80768);
INSERT INTO events (play_id, event, time) VALUES(109, 'Built DC', 9941.6);
INSERT INTO events (play_id, event, time) VALUES(109, 'Built MC', 32938);
INSERT INTO events (play_id, event, time) VALUES(109, 'Built PR', 52047);
INSERT INTO events (play_id, event, time) VALUES(109, 'Went Public', 68599);
INSERT INTO events (play_id, event, time) VALUES(110, 'Built DC', 1374.8);
INSERT INTO events (play_id, event, time) VALUES(110, 'Built MC', 32591);
INSERT INTO events (play_id, event, time) VALUES(110, 'Built PR', 50624);
INSERT INTO events (play_id, event, time) VALUES(110, 'Went Public', 67482);
INSERT INTO events (play_id, event, time) VALUES(111, 'Built DC', 4278.8);
INSERT INTO events (play_id, event, time) VALUES(111, 'Built MC', 41068);
INSERT INTO events (play_id, event, time) VALUES(111, 'Built PR', 55368);
INSERT INTO events (play_id, event, time) VALUES(111, 'Went Public', 78091);
INSERT INTO events (play_id, event, time) VALUES(112, 'Built DC', 10341.2);
INSERT INTO events (play_id, event, time) VALUES(112, 'Built MC', 33790);
INSERT INTO events (play_id, event, time) VALUES(112, 'Built PR', 45542);
INSERT INTO events (play_id, event, time) VALUES(112, 'Went Public', 81272);
INSERT INTO events (play_id, event, time) VALUES(113, 'Built DC', 9873.6);
INSERT INTO events (play_id, event, time) VALUES(113, 'Built MC', 41762);
INSERT INTO events (play_id, event, time) VALUES(113, 'Built PR', 55409);
INSERT INTO events (play_id, event, time) VALUES(113, 'Went Public', 76956);
INSERT INTO events (play_id, event, time) VALUES(114, 'Built DC', 6999.6);
INSERT INTO events (play_id, event, time) VALUES(114, 'Built MC', 25010);
INSERT INTO events (play_id, event, time) VALUES(114, 'Built PR', 42767);
INSERT INTO events (play_id, event, time) VALUES(114, 'Went Public', 82218);
INSERT INTO events (play_id, event, time) VALUES(115, 'Built DC', 990.0);
INSERT INTO events (play_id, event, time) VALUES(115, 'Built MC', 32807);
INSERT INTO events (play_id, event, time) VALUES(115, 'Built PR', 48271);
INSERT INTO events (play_id, event, time) VALUES(115, 'Went Public', 66155);
INSERT INTO events (play_id, event, time) VALUES(116, 'Built DC', 8426.4);
INSERT INTO events (play_id, event, time) VALUES(116, 'Built MC', 23952);
INSERT INTO events (play_id, event, time) VALUES(116, 'Built PR', 60605);
INSERT INTO events (play_id, event, time) VALUES(116, 'Went Public', 80704);
INSERT INTO events (play_id, event, time) VALUES(117, 'Built DC', 2267.2);
INSERT INTO events (play_id, event, time) VALUES(117, 'Built MC', 29146);
INSERT INTO events (play_id, event, time) VALUES(117, 'Built PR', 62370);
INSERT INTO events (play_id, event, time) VALUES(117, 'Went Public', 83613);
INSERT INTO events (play_id, event, time) VALUES(118, 'Built DC', 9220.8);
INSERT INTO events (play_id, event, time) VALUES(118, 'Built MC', 44586);
INSERT INTO events (play_id, event, time) VALUES(118, 'Built PR', 57941);
INSERT INTO events (play_id, event, time) VALUES(118, 'Went Public', 77673);
INSERT INTO events (play_id, event, time) VALUES(119, 'Built DC', 1976.0);
INSERT INTO events (play_id, event, time) VALUES(119, 'Built MC', 44865);
INSERT INTO events (play_id, event, time) VALUES(119, 'Built PR', 42698);
INSERT INTO events (play_id, event, time) VALUES(119, 'Went Public', 84158);
INSERT INTO events (play_id, event, time) VALUES(120, 'Built DC', 10487.2);
INSERT INTO events (play_id, event, time) VALUES(120, 'Built MC', 12208.0);
INSERT INTO events (play_id, event, time) VALUES(120, 'Built PR', 63772);
INSERT INTO events (play_id, event, time) VALUES(120, 'Went Public', 86400);
INSERT INTO events (play_id, event, time) VALUES(121, 'Built DC', 5112.8);
INSERT INTO events (play_id, event, time) VALUES(121, 'Built MC', 12720.0);
INSERT INTO events (play_id, event, time) VALUES(121, 'Built PR', 58643);
INSERT INTO events (play_id, event, time) VALUES(121, 'Went Public', 86998);
INSERT INTO events (play_id, event, time) VALUES(122, 'Built DC', 10750.8);
INSERT INTO events (play_id, event, time) VALUES(122, 'Built MC', 17901.6);
INSERT INTO events (play_id, event, time) VALUES(122, 'Built PR', 42785);
INSERT INTO events (play_id, event, time) VALUES(122, 'Went Public', 83405);
INSERT INTO events (play_id, event, time) VALUES(123, 'Built DC', 9205.2);
INSERT INTO events (play_id, event, time) VALUES(123, 'Built MC', 14625.2);
INSERT INTO events (play_id, event, time) VALUES(123, 'Built PR', 60608);
INSERT INTO events (play_id, event, time) VALUES(123, 'Went Public', 62941);
INSERT INTO events (play_id, event, time) VALUES(124, 'Built DC', 3822.4);
INSERT INTO events (play_id, event, time) VALUES(124, 'Built MC', 13565.6);
INSERT INTO events (play_id, event, time) VALUES(124, 'Built PR', 49094);
INSERT INTO events (play_id, event, time) VALUES(124, 'Went Public', 76906);
INSERT INTO events (play_id, event, time) VALUES(125, 'Built DC', 2399.2);
INSERT INTO events (play_id, event, time) VALUES(125, 'Built MC', 14965.2);
INSERT INTO events (play_id, event, time) VALUES(125, 'Built PR', 43538);
INSERT INTO events (play_id, event, time) VALUES(125, 'Went Public', 76440);
INSERT INTO events (play_id, event, time) VALUES(126, 'Built DC', 20025.2);
INSERT INTO events (play_id, event, time) VALUES(126, 'Built MC', 31670.8);
INSERT INTO events (play_id, event, time) VALUES(126, 'Built PR', 59958);
INSERT INTO events (play_id, event, time) VALUES(126, 'Went Public', 88198);
INSERT INTO events (play_id, event, time) VALUES(127, 'Built DC', 7200.0);
INSERT INTO events (play_id, event, time) VALUES(127, 'Built MC', 21142.8);
INSERT INTO events (play_id, event, time) VALUES(127, 'Built PR', 92298);
INSERT INTO events (play_id, event, time) VALUES(127, 'Went Public', 95279);
INSERT INTO events (play_id, event, time) VALUES(128, 'Built DC', 973.2);
INSERT INTO events (play_id, event, time) VALUES(128, 'Built MC', 17422.4);
INSERT INTO events (play_id, event, time) VALUES(128, 'Built PR', 55800);
INSERT INTO events (play_id, event, time) VALUES(128, 'Went Public', 65250);
INSERT INTO events (play_id, event, time) VALUES(129, 'Built DC', 10058.8);
INSERT INTO events (play_id, event, time) VALUES(129, 'Built MC', 14910.8);
INSERT INTO events (play_id, event, time) VALUES(129, 'Built PR', 50006);
INSERT INTO events (play_id, event, time) VALUES(129, 'Went Public', 73764);
INSERT INTO events (play_id, event, time) VALUES(130, 'Built DC', 18515.6);
INSERT INTO events (play_id, event, time) VALUES(130, 'Built MC', 31064.8);
INSERT INTO events (play_id, event, time) VALUES(130, 'Built PR', 94965);
INSERT INTO events (play_id, event, time) VALUES(130, 'Went Public', 117239);
INSERT INTO events (play_id, event, time) VALUES(131, 'Built DC', 931.6);
INSERT INTO events (play_id, event, time) VALUES(131, 'Built MC', 8986.8);
INSERT INTO events (play_id, event, time) VALUES(131, 'Built PR', 59442);
INSERT INTO events (play_id, event, time) VALUES(131, 'Went Public', 83579);
INSERT INTO events (play_id, event, time) VALUES(132, 'Built DC', 1582.4);
INSERT INTO events (play_id, event, time) VALUES(132, 'Built MC', 9077.2);
INSERT INTO events (play_id, event, time) VALUES(132, 'Built PR', 59010);
INSERT INTO events (play_id, event, time) VALUES(132, 'Went Public', 72765);
INSERT INTO events (play_id, event, time) VALUES(133, 'Built DC', 21484.0);
INSERT INTO events (play_id, event, time) VALUES(133, 'Built MC', 14765.6);
INSERT INTO events (play_id, event, time) VALUES(133, 'Built PR', 139543);
INSERT INTO events (play_id, event, time) VALUES(133, 'Went Public', 126410);
INSERT INTO events (play_id, event, time) VALUES(134, 'Built DC', 9933.6);
INSERT INTO events (play_id, event, time) VALUES(134, 'Built MC', 11744.8);
INSERT INTO events (play_id, event, time) VALUES(134, 'Built PR', 55848);
INSERT INTO events (play_id, event, time) VALUES(134, 'Went Public', 65710);
INSERT INTO events (play_id, event, time) VALUES(135, 'Built DC', 10548.0);
INSERT INTO events (play_id, event, time) VALUES(135, 'Built MC', 14846.0);
INSERT INTO events (play_id, event, time) VALUES(135, 'Built PR', 48185);
INSERT INTO events (play_id, event, time) VALUES(135, 'Went Public', 75598);
INSERT INTO events (play_id, event, time) VALUES(136, 'Built DC', 7330.8);
INSERT INTO events (play_id, event, time) VALUES(136, 'Built MC', 14648.8);
INSERT INTO events (play_id, event, time) VALUES(136, 'Built PR', 53649);
INSERT INTO events (play_id, event, time) VALUES(136, 'Went Public', 68151);
INSERT INTO events (play_id, event, time) VALUES(137, 'Built DC', 17750.8);
INSERT INTO events (play_id, event, time) VALUES(137, 'Built MC', 12101.6);
INSERT INTO events (play_id, event, time) VALUES(137, 'Built PR', 127805);
INSERT INTO events (play_id, event, time) VALUES(137, 'Went Public', 142230);
INSERT INTO events (play_id, event, time) VALUES(138, 'Built DC', 10466.4);
INSERT INTO events (play_id, event, time) VALUES(138, 'Built MC', 12889.6);
INSERT INTO events (play_id, event, time) VALUES(138, 'Built PR', 57172);
INSERT INTO events (play_id, event, time) VALUES(138, 'Went Public', 85551);
INSERT INTO events (play_id, event, time) VALUES(139, 'Built DC', 7479.6);
INSERT INTO events (play_id, event, time) VALUES(139, 'Built MC', 13676.0);
INSERT INTO events (play_id, event, time) VALUES(139, 'Built PR', 47046);
INSERT INTO events (play_id, event, time) VALUES(139, 'Went Public', 73449);
INSERT INTO events (play_id, event, time) VALUES(140, 'Built DC', 15041.2);
INSERT INTO events (play_id, event, time) VALUES(140, 'Built MC', 31081.6);
INSERT INTO events (play_id, event, time) VALUES(140, 'Built PR', 89250);
INSERT INTO events (play_id, event, time) VALUES(140, 'Went Public', 150365);
INSERT INTO events (play_id, event, time) VALUES(141, 'Built DC', 3668.0);
INSERT INTO events (play_id, event, time) VALUES(141, 'Built MC', 11077.6);
INSERT INTO events (play_id, event, time) VALUES(141, 'Built PR', 62996);
INSERT INTO events (play_id, event, time) VALUES(141, 'Went Public', 80737);
INSERT INTO events (play_id, event, time) VALUES(142, 'Built DC', 12430.0);
INSERT INTO events (play_id, event, time) VALUES(142, 'Built MC', 24939.2);
INSERT INTO events (play_id, event, time) VALUES(142, 'Built PR', 141490);
INSERT INTO events (play_id, event, time) VALUES(142, 'Went Public', 155175);
INSERT INTO events (play_id, event, time) VALUES(143, 'Built DC', 9534.4);
INSERT INTO events (play_id, event, time) VALUES(143, 'Built MC', 13753.2);
INSERT INTO events (play_id, event, time) VALUES(143, 'Built PR', 64029);
INSERT INTO events (play_id, event, time) VALUES(143, 'Went Public', 63068);
INSERT INTO events (play_id, event, time) VALUES(144, 'Built DC', 24599.2);
INSERT INTO events (play_id, event, time) VALUES(144, 'Built MC', 41408.4);
INSERT INTO events (play_id, event, time) VALUES(144, 'Built PR', 42289);
INSERT INTO events (play_id, event, time) VALUES(144, 'Went Public', 81363);
INSERT INTO events (play_id, event, time) VALUES(145, 'Built DC', 3569.6);
INSERT INTO events (play_id, event, time) VALUES(145, 'Built MC', 18510.8);
INSERT INTO events (play_id, event, time) VALUES(145, 'Built PR', 47180);
INSERT INTO events (play_id, event, time) VALUES(145, 'Went Public', 75391);
INSERT INTO events (play_id, event, time) VALUES(146, 'Built DC', 4096.0);
INSERT INTO events (play_id, event, time) VALUES(146, 'Built MC', 23702.0);
INSERT INTO events (play_id, event, time) VALUES(146, 'Built PR', 92539);
INSERT INTO events (play_id, event, time) VALUES(146, 'Went Public', 106854);
INSERT INTO events (play_id, event, time) VALUES(147, 'Built DC', 3967.6);
INSERT INTO events (play_id, event, time) VALUES(147, 'Built MC', 17510.4);
INSERT INTO events (play_id, event, time) VALUES(147, 'Built PR', 47824);
INSERT INTO events (play_id, event, time) VALUES(147, 'Went Public', 82684);
INSERT INTO events (play_id, event, time) VALUES(148, 'Built DC', 10377.6);
INSERT INTO events (play_id, event, time) VALUES(148, 'Built MC', 15397.2);
INSERT INTO events (play_id, event, time) VALUES(148, 'Built PR', 48256);
INSERT INTO events (play_id, event, time) VALUES(148, 'Went Public', 67827);
INSERT INTO events (play_id, event, time) VALUES(149, 'Built DC', 9543.2);
INSERT INTO events (play_id, event, time) VALUES(149, 'Built MC', 10179.6);
INSERT INTO events (play_id, event, time) VALUES(149, 'Built PR', 43212);
INSERT INTO events (play_id, event, time) VALUES(149, 'Went Public', 76488);
INSERT INTO events (play_id, event, time) VALUES(150, 'Built DC', 1364.4);
INSERT INTO events (play_id, event, time) VALUES(150, 'Built MC', 36535);
INSERT INTO events (play_id, event, time) VALUES(150, 'Built PR', 24700.0);
INSERT INTO events (play_id, event, time) VALUES(150, 'Went Public', 67587);
INSERT INTO events (play_id, event, time) VALUES(151, 'Built DC', 3486.0);
INSERT INTO events (play_id, event, time) VALUES(151, 'Built MC', 23734);
INSERT INTO events (play_id, event, time) VALUES(151, 'Built PR', 17100.8);
INSERT INTO events (play_id, event, time) VALUES(151, 'Went Public', 65656);
INSERT INTO events (play_id, event, time) VALUES(152, 'Built DC', 5911.6);
INSERT INTO events (play_id, event, time) VALUES(152, 'Built MC', 40794);
INSERT INTO events (play_id, event, time) VALUES(152, 'Built PR', 22649.6);
INSERT INTO events (play_id, event, time) VALUES(152, 'Went Public', 70905);
INSERT INTO events (play_id, event, time) VALUES(153, 'Built DC', 6715.2);
INSERT INTO events (play_id, event, time) VALUES(153, 'Built MC', 29519);
INSERT INTO events (play_id, event, time) VALUES(153, 'Built PR', 17157.6);
INSERT INTO events (play_id, event, time) VALUES(153, 'Went Public', 70787);
INSERT INTO events (play_id, event, time) VALUES(154, 'Built DC', 5984.4);
INSERT INTO events (play_id, event, time) VALUES(154, 'Built MC', 24116);
INSERT INTO events (play_id, event, time) VALUES(154, 'Built PR', 24288.4);
INSERT INTO events (play_id, event, time) VALUES(154, 'Went Public', 81959);
INSERT INTO events (play_id, event, time) VALUES(155, 'Built DC', 2257.2);
INSERT INTO events (play_id, event, time) VALUES(155, 'Built MC', 24354);
INSERT INTO events (play_id, event, time) VALUES(155, 'Built PR', 26106.0);
INSERT INTO events (play_id, event, time) VALUES(155, 'Went Public', 84022);
INSERT INTO events (play_id, event, time) VALUES(156, 'Built DC', 3713.6);
INSERT INTO events (play_id, event, time) VALUES(156, 'Built MC', 60883);
INSERT INTO events (play_id, event, time) VALUES(156, 'Built PR', 39128.0);
INSERT INTO events (play_id, event, time) VALUES(156, 'Went Public', 133908);
INSERT INTO events (play_id, event, time) VALUES(157, 'Built DC', 1447.2);
INSERT INTO events (play_id, event, time) VALUES(157, 'Built MC', 28992);
INSERT INTO events (play_id, event, time) VALUES(157, 'Built PR', 23886.0);
INSERT INTO events (play_id, event, time) VALUES(157, 'Went Public', 83128);
INSERT INTO events (play_id, event, time) VALUES(158, 'Built DC', 17910.8);
INSERT INTO events (play_id, event, time) VALUES(158, 'Built MC', 48989);
INSERT INTO events (play_id, event, time) VALUES(158, 'Built PR', 51268.4);
INSERT INTO events (play_id, event, time) VALUES(158, 'Went Public', 143905);
INSERT INTO events (play_id, event, time) VALUES(159, 'Built DC', 1873.2);
INSERT INTO events (play_id, event, time) VALUES(159, 'Built MC', 29864);
INSERT INTO events (play_id, event, time) VALUES(159, 'Built PR', 23347.2);
INSERT INTO events (play_id, event, time) VALUES(159, 'Went Public', 80618);
INSERT INTO events (play_id, event, time) VALUES(160, 'Built DC', 14868.8);
INSERT INTO events (play_id, event, time) VALUES(160, 'Built MC', 82945);
INSERT INTO events (play_id, event, time) VALUES(160, 'Built PR', 41804.0);
INSERT INTO events (play_id, event, time) VALUES(160, 'Went Public', 90217);
INSERT INTO events (play_id, event, time) VALUES(161, 'Built DC', 17316.0);
INSERT INTO events (play_id, event, time) VALUES(161, 'Built MC', 47828);
INSERT INTO events (play_id, event, time) VALUES(161, 'Built PR', 53216.4);
INSERT INTO events (play_id, event, time) VALUES(161, 'Went Public', 159267);
INSERT INTO events (play_id, event, time) VALUES(162, 'Built DC', 31951.2);
INSERT INTO events (play_id, event, time) VALUES(162, 'Built MC', 118436);
INSERT INTO events (play_id, event, time) VALUES(162, 'Built PR', 35182.0);
INSERT INTO events (play_id, event, time) VALUES(162, 'Went Public', 160822);
INSERT INTO events (play_id, event, time) VALUES(163, 'Built DC', 10397.6);
INSERT INTO events (play_id, event, time) VALUES(163, 'Built MC', 115795);
INSERT INTO events (play_id, event, time) VALUES(163, 'Built PR', 31788.4);
INSERT INTO events (play_id, event, time) VALUES(163, 'Went Public', 96880);
INSERT INTO events (play_id, event, time) VALUES(164, 'Built DC', 9793.6);
INSERT INTO events (play_id, event, time) VALUES(164, 'Built MC', 37388);
INSERT INTO events (play_id, event, time) VALUES(164, 'Built PR', 17343.6);
INSERT INTO events (play_id, event, time) VALUES(164, 'Went Public', 81749);
INSERT INTO events (play_id, event, time) VALUES(165, 'Built DC', 14774.8);
INSERT INTO events (play_id, event, time) VALUES(165, 'Built MC', 118510);
INSERT INTO events (play_id, event, time) VALUES(165, 'Built PR', 23864.4);
INSERT INTO events (play_id, event, time) VALUES(165, 'Went Public', 130400);
INSERT INTO events (play_id, event, time) VALUES(166, 'Built DC', 10882.4);
INSERT INTO events (play_id, event, time) VALUES(166, 'Built MC', 23391);
INSERT INTO events (play_id, event, time) VALUES(166, 'Built PR', 24029.6);
INSERT INTO events (play_id, event, time) VALUES(166, 'Went Public', 154740);
INSERT INTO events (play_id, event, time) VALUES(167, 'Built DC', 29909.6);
INSERT INTO events (play_id, event, time) VALUES(167, 'Built MC', 47937);
INSERT INTO events (play_id, event, time) VALUES(167, 'Built PR', 29750.0);
INSERT INTO events (play_id, event, time) VALUES(167, 'Went Public', 73050);
INSERT INTO events (play_id, event, time) VALUES(168, 'Built DC', 35465.6);
INSERT INTO events (play_id, event, time) VALUES(168, 'Built MC', 114168);
INSERT INTO events (play_id, event, time) VALUES(168, 'Built PR', 41004.8);
INSERT INTO events (play_id, event, time) VALUES(168, 'Went Public', 147224);
INSERT INTO events (play_id, event, time) VALUES(169, 'Built DC', 17876.0);
INSERT INTO events (play_id, event, time) VALUES(169, 'Built MC', 112134);
INSERT INTO events (play_id, event, time) VALUES(169, 'Built PR', 22976.8);
INSERT INTO events (play_id, event, time) VALUES(169, 'Went Public', 82759);
INSERT INTO events (play_id, event, time) VALUES(170, 'Built DC', 3159.6);
INSERT INTO events (play_id, event, time) VALUES(170, 'Built MC', 118154);
INSERT INTO events (play_id, event, time) VALUES(170, 'Built PR', 16997.6);
INSERT INTO events (play_id, event, time) VALUES(170, 'Went Public', 119049);
INSERT INTO events (play_id, event, time) VALUES(171, 'Built DC', 19790.4);
INSERT INTO events (play_id, event, time) VALUES(171, 'Built MC', 68652);
INSERT INTO events (play_id, event, time) VALUES(171, 'Built PR', 36619.6);
INSERT INTO events (play_id, event, time) VALUES(171, 'Went Public', 67665);
INSERT INTO events (play_id, event, time) VALUES(172, 'Built DC', 24780.8);
INSERT INTO events (play_id, event, time) VALUES(172, 'Built MC', 121215);
INSERT INTO events (play_id, event, time) VALUES(172, 'Built PR', 21998.0);
INSERT INTO events (play_id, event, time) VALUES(172, 'Went Public', 109427);
INSERT INTO events (play_id, event, time) VALUES(173, 'Built DC', 9273.6);
INSERT INTO events (play_id, event, time) VALUES(173, 'Built MC', 22939);
INSERT INTO events (play_id, event, time) VALUES(173, 'Built PR', 16986.4);
INSERT INTO events (play_id, event, time) VALUES(173, 'Went Public', 64919);
INSERT INTO events (play_id, event, time) VALUES(174, 'Built DC', 9885.6);
INSERT INTO events (play_id, event, time) VALUES(174, 'Built MC', 97608);
INSERT INTO events (play_id, event, time) VALUES(174, 'Built PR', 29482.0);
INSERT INTO events (play_id, event, time) VALUES(174, 'Went Public', 72668);
INSERT INTO events (play_id, event, time) VALUES(175, 'Built DC', 6615.6);
INSERT INTO events (play_id, event, time) VALUES(175, 'Built MC', 71280);
INSERT INTO events (play_id, event, time) VALUES(175, 'Built PR', 22275.6);
INSERT INTO events (play_id, event, time) VALUES(175, 'Went Public', 74653);
INSERT INTO events (play_id, event, time) VALUES(176, 'Built DC', 12049.6);
INSERT INTO events (play_id, event, time) VALUES(176, 'Built MC', 36322);
INSERT INTO events (play_id, event, time) VALUES(176, 'Built PR', 50867.6);
INSERT INTO events (play_id, event, time) VALUES(176, 'Went Public', 108168);
INSERT INTO events (play_id, event, time) VALUES(177, 'Built DC', 8666.4);
INSERT INTO events (play_id, event, time) VALUES(177, 'Built MC', 29219);
INSERT INTO events (play_id, event, time) VALUES(177, 'Built PR', 24136.4);
INSERT INTO events (play_id, event, time) VALUES(177, 'Went Public', 69109);
INSERT INTO events (play_id, event, time) VALUES(178, 'Built DC', 10208.0);
INSERT INTO events (play_id, event, time) VALUES(178, 'Built MC', 46956);
INSERT INTO events (play_id, event, time) VALUES(178, 'Built PR', 21644.0);
INSERT INTO events (play_id, event, time) VALUES(178, 'Went Public', 75576);
INSERT INTO events (play_id, event, time) VALUES(179, 'Built DC', 16360.8);
INSERT INTO events (play_id, event, time) VALUES(179, 'Built MC', 111553);
INSERT INTO events (play_id, event, time) VALUES(179, 'Built PR', 44081.6);
INSERT INTO events (play_id, event, time) VALUES(179, 'Went Public', 152294);
INSERT INTO events (play_id, event, time) VALUES(180, 'Built DC', 4778.4);
INSERT INTO events (play_id, event, time) VALUES(180, 'Built MC', 18090.8);
INSERT INTO events (play_id, event, time) VALUES(180, 'Built PR', 56768);
INSERT INTO events (play_id, event, time) VALUES(180, 'Went Public', 33680.4);
INSERT INTO events (play_id, event, time) VALUES(181, 'Built DC', 11670.4);
INSERT INTO events (play_id, event, time) VALUES(181, 'Built MC', 41780.0);
INSERT INTO events (play_id, event, time) VALUES(181, 'Built PR', 79372);
INSERT INTO events (play_id, event, time) VALUES(181, 'Went Public', 64432.4);
INSERT INTO events (play_id, event, time) VALUES(182, 'Built DC', 7630.4);
INSERT INTO events (play_id, event, time) VALUES(182, 'Built MC', 13393.2);
INSERT INTO events (play_id, event, time) VALUES(182, 'Built PR', 59554);
INSERT INTO events (play_id, event, time) VALUES(182, 'Went Public', 29142.0);
INSERT INTO events (play_id, event, time) VALUES(183, 'Built DC', 8486.4);
INSERT INTO events (play_id, event, time) VALUES(183, 'Built MC', 11978.8);
INSERT INTO events (play_id, event, time) VALUES(183, 'Built PR', 64332);
INSERT INTO events (play_id, event, time) VALUES(183, 'Went Public', 30353.2);
INSERT INTO events (play_id, event, time) VALUES(184, 'Built DC', 30376.8);
INSERT INTO events (play_id, event, time) VALUES(184, 'Built MC', 28673.2);
INSERT INTO events (play_id, event, time) VALUES(184, 'Built PR', 62574);
INSERT INTO events (play_id, event, time) VALUES(184, 'Went Public', 44317.6);
INSERT INTO events (play_id, event, time) VALUES(185, 'Built DC', 10530.8);
INSERT INTO events (play_id, event, time) VALUES(185, 'Built MC', 9326.0);
INSERT INTO events (play_id, event, time) VALUES(185, 'Built PR', 66677);
INSERT INTO events (play_id, event, time) VALUES(185, 'Went Public', 29335.6);
INSERT INTO events (play_id, event, time) VALUES(186, 'Built DC', 4395.2);
INSERT INTO events (play_id, event, time) VALUES(186, 'Built MC', 28881.2);
INSERT INTO events (play_id, event, time) VALUES(186, 'Built PR', 122141);
INSERT INTO events (play_id, event, time) VALUES(186, 'Went Public', 58744.4);
INSERT INTO events (play_id, event, time) VALUES(187, 'Built DC', 5127.6);
INSERT INTO events (play_id, event, time) VALUES(187, 'Built MC', 13626.0);
INSERT INTO events (play_id, event, time) VALUES(187, 'Built PR', 52879);
INSERT INTO events (play_id, event, time) VALUES(187, 'Went Public', 29191.6);
INSERT INTO events (play_id, event, time) VALUES(188, 'Built DC', 5159.2);
INSERT INTO events (play_id, event, time) VALUES(188, 'Built MC', 12898.8);
INSERT INTO events (play_id, event, time) VALUES(188, 'Built PR', 64698);
INSERT INTO events (play_id, event, time) VALUES(188, 'Went Public', 26516.4);
INSERT INTO events (play_id, event, time) VALUES(189, 'Built DC', 10787.6);
INSERT INTO events (play_id, event, time) VALUES(189, 'Built MC', 9170.0);
INSERT INTO events (play_id, event, time) VALUES(189, 'Built PR', 60505);
INSERT INTO events (play_id, event, time) VALUES(189, 'Went Public', 27637.6);
INSERT INTO events (play_id, event, time) VALUES(190, 'Built DC', 7393.2);
INSERT INTO events (play_id, event, time) VALUES(190, 'Built MC', 12667.2);
INSERT INTO events (play_id, event, time) VALUES(190, 'Built PR', 60141);
INSERT INTO events (play_id, event, time) VALUES(190, 'Went Public', 31816.0);
INSERT INTO events (play_id, event, time) VALUES(191, 'Built DC', 37024.8);
INSERT INTO events (play_id, event, time) VALUES(191, 'Built MC', 35758.0);
INSERT INTO events (play_id, event, time) VALUES(191, 'Built PR', 104065);
INSERT INTO events (play_id, event, time) VALUES(191, 'Went Public', 53449.6);
INSERT INTO events (play_id, event, time) VALUES(192, 'Built DC', 6434.8);
INSERT INTO events (play_id, event, time) VALUES(192, 'Built MC', 9144.8);
INSERT INTO events (play_id, event, time) VALUES(192, 'Built PR', 59979);
INSERT INTO events (play_id, event, time) VALUES(192, 'Went Public', 25647.2);
INSERT INTO events (play_id, event, time) VALUES(193, 'Built DC', 7921.6);
INSERT INTO events (play_id, event, time) VALUES(193, 'Built MC', 11963.6);
INSERT INTO events (play_id, event, time) VALUES(193, 'Built PR', 58889);
INSERT INTO events (play_id, event, time) VALUES(193, 'Went Public', 27721.2);
INSERT INTO events (play_id, event, time) VALUES(194, 'Built DC', 2266.0);
INSERT INTO events (play_id, event, time) VALUES(194, 'Built MC', 16512.0);
INSERT INTO events (play_id, event, time) VALUES(194, 'Built PR', 57222);
INSERT INTO events (play_id, event, time) VALUES(194, 'Went Public', 32694.8);
INSERT INTO events (play_id, event, time) VALUES(195, 'Built DC', 3148.0);
INSERT INTO events (play_id, event, time) VALUES(195, 'Built MC', 16871.6);
INSERT INTO events (play_id, event, time) VALUES(195, 'Built PR', 57669);
INSERT INTO events (play_id, event, time) VALUES(195, 'Went Public', 31602.4);
INSERT INTO events (play_id, event, time) VALUES(196, 'Built DC', 26448.0);
INSERT INTO events (play_id, event, time) VALUES(196, 'Built MC', 18916.0);
INSERT INTO events (play_id, event, time) VALUES(196, 'Built PR', 82735);
INSERT INTO events (play_id, event, time) VALUES(196, 'Went Public', 63254.0);
INSERT INTO events (play_id, event, time) VALUES(197, 'Built DC', 6367.6);
INSERT INTO events (play_id, event, time) VALUES(197, 'Built MC', 27337.6);
INSERT INTO events (play_id, event, time) VALUES(197, 'Built PR', 141092);
INSERT INTO events (play_id, event, time) VALUES(197, 'Went Public', 58848.4);
INSERT INTO events (play_id, event, time) VALUES(198, 'Built DC', 4446.4);
INSERT INTO events (play_id, event, time) VALUES(198, 'Built MC', 16471.2);
INSERT INTO events (play_id, event, time) VALUES(198, 'Built PR', 52566);
INSERT INTO events (play_id, event, time) VALUES(198, 'Went Public', 31711.2);
INSERT INTO events (play_id, event, time) VALUES(199, 'Built DC', 13584.8);
INSERT INTO events (play_id, event, time) VALUES(199, 'Built MC', 8885.6);
INSERT INTO events (play_id, event, time) VALUES(199, 'Built PR', 49963);
INSERT INTO events (play_id, event, time) VALUES(199, 'Went Public', 28119.6);
INSERT INTO events (play_id, event, time) VALUES(200, 'Built DC', 7540.8);
INSERT INTO events (play_id, event, time) VALUES(200, 'Built MC', 13356.4);
INSERT INTO events (play_id, event, time) VALUES(200, 'Built PR', 52754);
INSERT INTO events (play_id, event, time) VALUES(200, 'Went Public', 29440.0);
INSERT INTO events (play_id, event, time) VALUES(201, 'Built DC', 25452.8);
INSERT INTO events (play_id, event, time) VALUES(201, 'Built MC', 31160.8);
INSERT INTO events (play_id, event, time) VALUES(201, 'Built PR', 42110);
INSERT INTO events (play_id, event, time) VALUES(201, 'Went Public', 60895.2);
INSERT INTO events (play_id, event, time) VALUES(202, 'Built DC', 1205.2);
INSERT INTO events (play_id, event, time) VALUES(202, 'Built MC', 13422.0);
INSERT INTO events (play_id, event, time) VALUES(202, 'Built PR', 57047);
INSERT INTO events (play_id, event, time) VALUES(202, 'Went Public', 25456.0);
INSERT INTO events (play_id, event, time) VALUES(203, 'Built DC', 34012.8);
INSERT INTO events (play_id, event, time) VALUES(203, 'Built MC', 35974.0);
INSERT INTO events (play_id, event, time) VALUES(203, 'Built PR', 101194);
INSERT INTO events (play_id, event, time) VALUES(203, 'Went Public', 26584.4);
INSERT INTO events (play_id, event, time) VALUES(204, 'Built DC', 6890.0);
INSERT INTO events (play_id, event, time) VALUES(204, 'Built MC', 12200.0);
INSERT INTO events (play_id, event, time) VALUES(204, 'Built PR', 42466);
INSERT INTO events (play_id, event, time) VALUES(204, 'Went Public', 26640.8);
INSERT INTO events (play_id, event, time) VALUES(205, 'Built DC', 4488.4);
INSERT INTO events (play_id, event, time) VALUES(205, 'Built MC', 24311.2);
INSERT INTO events (play_id, event, time) VALUES(205, 'Built PR', 90660);
INSERT INTO events (play_id, event, time) VALUES(205, 'Went Public', 46427.2);
INSERT INTO events (play_id, event, time) VALUES(206, 'Built DC', 2852.0);
INSERT INTO events (play_id, event, time) VALUES(206, 'Built MC', 9666.8);
INSERT INTO events (play_id, event, time) VALUES(206, 'Built PR', 46156);
INSERT INTO events (play_id, event, time) VALUES(206, 'Went Public', 26983.6);
INSERT INTO events (play_id, event, time) VALUES(207, 'Built DC', 14419.6);
INSERT INTO events (play_id, event, time) VALUES(207, 'Built MC', 45225.2);
INSERT INTO events (play_id, event, time) VALUES(207, 'Built PR', 54907);
INSERT INTO events (play_id, event, time) VALUES(207, 'Went Public', 44546.0);
INSERT INTO events (play_id, event, time) VALUES(208, 'Built DC', 10586.0);
INSERT INTO events (play_id, event, time) VALUES(208, 'Built MC', 17317.2);
INSERT INTO events (play_id, event, time) VALUES(208, 'Built PR', 58131);
INSERT INTO events (play_id, event, time) VALUES(208, 'Went Public', 27313.6);
INSERT INTO events (play_id, event, time) VALUES(209, 'Built DC', 10318.8);
INSERT INTO events (play_id, event, time) VALUES(209, 'Built MC', 12520.4);
INSERT INTO events (play_id, event, time) VALUES(209, 'Built PR', 63398);
INSERT INTO events (play_id, event, time) VALUES(209, 'Went Public', 28464.4);
